certificate,runtime,genre,imdb_rating,meta_score,no_of_votes,gross,director_category,star1_category,star2_category,star3_category,star4_category,decade
all public,142,Drama,9.3,80.0,2343110,28341469.0,average,low,low,low,low,1990's
all public,175,Thriller/Crime/Mystery,9.2,100.0,1620367,134966411.0,high,average,average,low,average,1970's
family,152,Action/Adventure,9.0,84.0,2303232,534858444.0,high,high,average,low,high,2000's
all public,202,Thriller/Crime/Mystery,9.0,90.0,1129952,57300000.0,high,high,average,average,average,1970's
all public,96,Thriller/Crime/Mystery,9.0,96.0,689845,4360000.0,high,average,low,low,low,1950's
all public,201,Action/Adventure,8.9,94.0,1642758,377845905.0,high,average,average,low,average,2000's
all public,154,Thriller/Crime/Mystery,8.9,94.0,1826188,107928762.0,high,low,average,high,low,1990's
all public,195,Drama,8.9,94.0,1213505,96898818.0,high,average,low,low,low,1990's
family,148,Action/Adventure,8.8,74.0,2067042,292576195.0,high,high,average,low,low,2010's
all public,139,Drama,8.8,66.0,1854740,37030102.0,high,high,low,low,low,1990's
all public,178,Action/Adventure,8.8,92.0,1661481,315544750.0,high,average,high,average,low,2000's
family,142,Drama,8.8,82.0,1809221,330252182.0,high,high,average,low,low,1990's
all public,161,Other,8.8,90.0,688390,6100000.0,high,high,low,low,low,1960's
family,179,Action/Adventure,8.7,87.0,1485555,342551365.0,high,average,high,low,average,2000's
all public,136,Action/Adventure,8.7,73.0,1676426,171479930.0,low,low,low,low,low,1990's
all public,146,Drama,8.7,90.0,1020727,46836394.0,high,high,low,high,low,1990's
family,124,Action/Adventure,8.7,82.0,1159315,290475067.0,low,average,average,high,average,1980's
all public,133,Drama,8.7,83.0,918088,112000000.0,average,high,low,low,low,1970's
all public,132,Comedy,8.6,96.0,552778,53367844.0,average,average,low,low,low,2010's
family,169,Action/Adventure,8.6,74.0,1512360,188020017.0,high,average,low,low,low,2010's
all public,130,Thriller/Crime/Mystery,8.6,79.0,699256,7563397.0,low,low,low,low,low,2000's
all public,125,Other,8.6,96.0,651376,10055859.0,high,low,low,low,low,2000's
over 18,169,Drama,8.6,91.0,1235804,216540909.0,high,high,high,average,low,1990's
all public,189,Thriller/Crime/Mystery,8.6,61.0,1147794,136801374.0,average,high,low,average,low,1990's
all public,116,Comedy,8.6,59.0,623629,57598247.0,low,low,low,low,low,1990's
all public,127,Thriller/Crime/Mystery,8.6,65.0,1445096,100125643.0,high,average,high,low,low,1990's
all public,118,Thriller/Crime/Mystery,8.6,85.0,1270197,130742922.0,average,low,low,low,low,1990's
family,121,Action/Adventure,8.6,90.0,1231473,322740140.0,low,average,average,high,low,1970's
all public,207,Action/Adventure,8.6,98.0,315744,269061.0,average,low,low,low,low,1950's
all public,122,Thriller/Crime/Mystery,8.5,59.0,939252,335451311.0,average,average,average,low,low,2010's
all public,106,Drama,8.5,88.0,717585,13092000.0,average,low,low,low,average,2010's
family,112,Drama,8.5,57.0,760360,13182281.0,low,low,low,low,low,2010's
all public,130,Drama,8.5,66.0,1190259,53089891.0,high,high,low,high,high,2000's
all public,151,Thriller/Crime/Mystery,8.5,85.0,1189773,132384315.0,high,high,high,low,low,2000's
over 18,150,Drama,8.5,85.0,729603,32572577.0,average,low,low,low,low,2000's
family,155,Action/Adventure,8.5,67.0,1341460,187705427.0,high,high,low,low,low,2000's
over 18,119,Drama,8.5,62.0,1034705,6719864.0,low,average,low,low,low,1990's
all public,106,Thriller/Crime/Mystery,8.5,77.0,991208,23341568.0,average,average,average,low,low,1990's
all public,110,Action/Adventure,8.5,64.0,1035236,19501238.0,average,low,average,low,low,1990's
all public,88,Other,8.5,88.0,942045,422783777.0,low,low,low,low,low,1990's
all public,137,Action/Adventure,8.5,75.0,995506,204843350.0,high,average,average,low,average,1990's
all public,155,Drama,8.5,80.0,230763,11990401.0,average,low,low,low,low,1980's
all public,116,Action/Adventure,8.5,87.0,1058081,210609762.0,high,average,average,average,low,1980's
all public,165,Other,8.5,80.0,302844,5321508.0,high,average,low,low,low,1960's
all public,109,Thriller/Crime/Mystery,8.5,97.0,604211,32000000.0,high,low,low,low,low,1960's
all public,102,Drama,8.5,100.0,522093,1024560.0,average,average,average,low,low,1940's
all public,87,Comedy,8.5,96.0,217881,163245.0,average,average,low,low,low,1930's
all public,87,Comedy,8.5,99.0,167839,19181.0,average,average,low,low,low,1930's
all public,126,Drama,8.4,75.0,62635,1661096.0,low,low,low,low,low,2010's
all public,106,Other,8.4,79.0,194838,5017246.0,low,low,low,low,low,2010's
all public,117,Other,8.4,87.0,375110,190241310.0,low,low,low,low,low,2010's
family,181,Action/Adventure,8.4,78.0,809955,858373000.0,high,high,average,low,average,2010's
family,149,Action/Adventure,8.4,68.0,834477,678815482.0,high,high,average,low,average,2010's
all public,105,Other,8.4,81.0,384171,209726015.0,average,low,low,low,low,2010's
all public,165,Drama,8.4,81.0,1357682,162805434.0,high,average,low,low,average,2010's
family,164,Action/Adventure,8.4,78.0,1516346,448139099.0,high,high,average,low,low,2010's
family,170,Comedy,8.4,67.0,344445,6532908.0,low,average,low,low,low,2000's
all public,98,Other,8.4,95.0,999790,223808164.0,average,low,low,low,low,2000's
all public,137,Drama,8.4,89.0,358685,11286112.0,low,low,low,low,average,2000's
all public,101,Action/Adventure,8.4,77.0,515451,707481.0,average,low,low,low,low,2000's
family,113,Thriller/Crime/Mystery,8.4,80.0,1125712,25544867.0,high,low,low,low,low,2000's
all public,134,Other,8.4,76.0,343171,2375308.0,high,low,low,low,low,1990's
all public,115,Action/Adventure,8.4,85.0,884112,248159971.0,high,high,low,low,low,1980's
all public,146,Drama,8.4,66.0,898237,44017374.0,high,high,low,low,low,1980's
over 18,147,Drama,8.4,94.0,606398,83471511.0,high,low,average,average,average,1970's
over 18,117,Thriller/Crime/Mystery,8.4,89.0,787806,78900000.0,high,average,low,low,low,1970's
all public,95,Comedy,8.4,97.0,450474,275902.0,high,average,low,average,low,1960's
all public,112,Thriller/Crime/Mystery,8.4,100.0,444074,36764313.0,high,average,average,low,low,1950's
over 18,119,Drama,8.3,78.0,425844,159227644.0,high,low,average,low,low,2010's
over 18,115,Drama,8.3,77.0,281623,687185.0,average,average,low,low,low,2010's
family,123,Drama,8.3,95.0,220002,7098492.0,high,low,low,low,low,2010's
over 18,131,Drama,8.3,80.0,150023,6857096.0,high,low,low,low,low,2010's
all public,153,Action/Adventure,8.3,69.0,1267869,120540719.0,high,high,low,low,low,2000's
family,108,Drama,8.3,89.0,911664,34400301.0,low,average,high,low,low,2000's
all public,122,Comedy,8.3,69.0,703810,33225499.0,average,average,low,low,low,2000's
family,104,Comedy,8.3,55.0,782001,30328156.0,average,low,high,average,low,2000's
all public,102,Drama,8.3,68.0,766870,3635482.0,average,average,low,high,low,2000's
family,122,Drama,8.3,84.0,1069738,130096601.0,high,average,low,low,low,1990's
all public,126,Drama,8.3,70.0,861606,138433435.0,low,average,high,low,average,1990's
family,89,Drama,8.3,77.0,65341,933933.0,low,low,low,low,low,1990's
all public,81,Other,8.3,95.0,887429,191796233.0,average,high,average,average,low,1990's
all public,178,Drama,8.3,68.0,959181,75600000.0,average,average,low,low,low,1990's
over 18,99,Thriller/Crime/Mystery,8.3,79.0,918562,2832029.0,high,low,low,average,low,1990's
family,116,Drama,8.3,76.0,675146,46357676.0,high,low,low,low,low,1980's
all public,137,Action/Adventure,8.3,84.0,652719,85160248.0,high,average,low,low,average,1980's
over 18,160,Drama,8.3,88.0,369007,51973029.0,average,low,low,low,low,1980's
all public,170,Thriller/Crime/Mystery,8.3,65.0,740911,45598982.0,average,high,average,low,low,1980's
all public,131,Action/Adventure,8.3,58.0,950470,309125409.0,low,average,average,high,average,1980's
over 18,149,Action/Adventure,8.3,86.0,231855,11487676.0,low,low,low,low,low,1980's
all public,114,Thriller/Crime/Mystery,8.3,94.0,724636,28262574.0,high,high,low,average,average,1970's
all public,129,Comedy,8.3,83.0,241513,159600000.0,average,high,average,average,low,1970's
all public,136,Thriller/Crime/Mystery,8.3,77.0,757904,6207725.0,high,low,low,low,low,1970's
all public,149,Action/Adventure,8.3,84.0,603517,56954992.0,high,low,low,low,low,1960's
all public,132,Other,8.3,74.0,232772,15000000.0,high,high,low,low,low,1960's
all public,228,Action/Adventure,8.3,100.0,268085,44824144.0,average,low,average,low,low,1960's
all public,125,Comedy,8.3,94.0,164363,18600000.0,high,average,average,low,low,1960's
all public,136,Action/Adventure,8.3,98.0,299198,13275000.0,high,average,low,low,low,1950's
all public,128,Thriller/Crime/Mystery,8.3,100.0,364368,3200000.0,high,average,low,low,low,1950's
all public,103,Comedy,8.3,99.0,218957,8819028.0,average,low,low,low,low,1950's
family,107,Thriller/Crime/Mystery,8.3,95.0,143525,5720000.0,high,low,low,low,low,1940's
family,119,Drama,8.3,100.0,403351,1585634.0,average,average,average,low,low,1940's
family,130,Drama,8.2,69.0,377884,85080171.0,low,average,low,low,low,2010's
all public,115,Comedy,8.2,88.0,432610,54513740.0,average,low,low,low,low,2010's
over 18,129,Drama,8.2,80.0,193217,6391436.0,low,average,low,low,low,2000's
family,140,Action/Adventure,8.2,71.0,435950,13657115.0,low,average,low,low,low,2010's
all public,138,Thriller/Crime/Mystery,8.2,63.0,1129894,128012934.0,high,high,low,average,low,2010's
all public,96,Other,8.2,88.0,935507,293004164.0,average,low,low,low,low,2000's
all public,180,Drama,8.2,75.0,1187498,116900694.0,high,high,low,average,low,2010's
all public,153,Drama,8.2,68.0,74129,1113541.0,low,average,low,low,low,2000's
all public,158,Drama,8.2,93.0,517359,40222514.0,average,high,low,average,low,2000's
family,118,Drama,8.2,98.0,618623,37634615.0,low,low,low,low,low,2000's
all public,103,Other,8.2,92.0,757032,415004880.0,average,high,average,low,low,2010's
all public,132,Action/Adventure,8.2,62.0,1032749,70511035.0,low,low,low,low,low,2000's
family,140,Action/Adventure,8.2,70.0,1308302,206852432.0,high,high,low,low,low,2000's
over 18,156,Drama,8.2,82.0,331308,5509040.0,average,average,low,low,low,2000's
all public,119,Other,8.2,80.0,333915,4711096.0,high,low,low,low,low,2000's
family,135,Drama,8.2,72.0,848920,170742341.0,high,high,high,high,average,2000's
all public,107,Action/Adventure,8.2,66.0,535216,3897569.0,average,low,low,low,low,1990's
all public,138,Thriller/Crime/Mystery,8.2,90.0,531967,64616940.0,low,average,average,low,low,1990's
all public,170,Thriller/Crime/Mystery,8.2,76.0,577113,67436818.0,average,high,average,average,low,1990's
all public,178,Thriller/Crime/Mystery,8.2,73.0,466276,42438300.0,high,high,low,high,low,1990's
all public,130,Drama,8.2,85.0,375935,101157447.0,high,high,low,average,low,1990's
all public,127,Action/Adventure,8.2,65.0,692366,197171806.0,high,high,average,low,low,1980's
all public,86,Other,8.2,86.0,291180,1105564.0,high,low,low,low,low,1980's
all public,132,Action/Adventure,8.2,72.0,793164,83008852.0,average,high,low,low,low,1980's
all public,162,Action/Adventure,8.2,96.0,112505,4135750.0,average,low,low,low,low,1980's
all public,129,Drama,8.2,89.0,321860,23383987.0,high,high,low,high,low,1980's
family,91,Action/Adventure,8.2,91.0,500875,1229197.0,high,low,low,low,low,1970's
all public,172,Action/Adventure,8.2,86.0,224730,12100000.0,average,average,average,low,low,1960's
all public,121,Comedy,8.2,98.0,243943,25000000.0,high,low,low,average,low,1950's
all public,105,Thriller/Crime/Mystery,8.2,75.0,158335,12562.0,high,low,average,low,low,1950's
family,138,Drama,8.2,98.0,120539,10177.0,low,average,low,average,low,1950's
family,126,Action/Adventure,8.2,98.0,114304,5014000.0,average,average,low,low,low,1940's
over 18,122,Drama,8.1,95.0,63134,3759854.0,low,low,low,low,low,2010's
all public,145,Drama,8.1,84.0,113649,2006788.0,average,low,low,low,low,2010's
over 18,139,Drama,8.1,74.0,50700,3492754.0,low,low,low,low,low,2010's
all public,137,Action/Adventure,8.1,77.0,647884,226277068.0,high,average,low,low,low,2010's
over 18,118,Drama,8.1,86.0,371538,14677674.0,low,average,low,low,low,2010's
over 18,122,Comedy,8.1,77.0,177059,3107072.0,low,low,low,low,low,2010's
family,99,Action/Adventure,8.1,88.0,707630,59100318.0,high,low,low,low,low,2010's
all public,149,Drama,8.1,79.0,859695,167767189.0,high,average,low,low,low,2010's
all public,139,Drama,8.1,71.0,435928,67209615.0,average,low,low,low,low,2010's
all public,95,Other,8.1,94.0,616228,356461711.0,average,low,low,low,low,2010's
all public,134,Drama,8.1,96.0,640533,56671993.0,low,low,low,low,average,2010's
family,123,Action/Adventure,8.1,74.0,432811,26947624.0,high,average,low,low,average,2010's
family,152,Action/Adventure,8.1,81.0,291289,117624028.0,high,high,average,low,low,2010's
all public,129,Drama,8.1,93.0,420316,45055776.0,average,low,low,high,average,2010's
family,93,Other,8.1,85.0,51679,857524.0,low,low,average,low,low,2010's
all public,153,Thriller/Crime/Mystery,8.1,70.0,601149,61002302.0,high,average,low,low,average,2010's
family,120,Action/Adventure,8.1,90.0,882316,154058340.0,average,average,low,low,low,2010's
over 18,116,Drama,8.1,72.0,720450,148095302.0,high,high,low,low,low,2000's
family,130,Action/Adventure,8.1,85.0,764493,381011219.0,average,high,high,high,average,2010's
family,130,Drama,8.1,68.0,48582,1498210.0,low,low,low,low,low,2000's
all public,98,Other,8.1,75.0,666773,217581231.0,average,low,low,average,low,2010's
over 18,148,Action/Adventure,8.1,73.0,572921,18354356.0,low,low,low,average,low,2000's
over 18,122,Thriller/Crime/Mystery,8.1,91.0,856916,74283625.0,average,average,average,low,average,2000's
family,132,Drama,8.1,86.0,635975,100492203.0,high,low,low,average,low,2000's
family,121,Drama,8.1,79.0,334320,23530892.0,low,average,low,low,low,2000's
over 18,140,Action/Adventure,8.1,64.0,37820,1111061.0,low,low,average,low,low,2000's
over 18,80,Drama,8.1,90.0,236311,5820649.0,high,high,high,low,low,2000's
family,131,Thriller/Crime/Mystery,8.1,82.0,139558,14131.0,average,average,low,low,low,2000's
over 18,111,Action/Adventure,8.1,69.0,1000639,70099045.0,high,average,average,low,low,2000's
all public,100,Other,8.1,90.0,949565,380843261.0,average,low,low,low,low,2000's
all public,141,Drama,8.1,75.0,832846,164615351.0,high,high,low,low,low,2000's
all public,154,Drama,8.1,83.0,223741,5383834.0,high,low,average,low,low,2000's
all public,92,Other,8.1,79.0,815505,289916256.0,average,low,average,low,low,2000's
all public,224,Action/Adventure,8.1,84.0,105036,70147.0,low,average,low,low,low,2000's
all public,107,Drama,8.1,64.0,911573,293506292.0,low,high,low,average,low,1990's
all public,169,Drama,8.1,58.0,59020,259127.0,average,low,low,low,low,1990's
all public,103,Comedy,8.1,90.0,939631,125618201.0,average,average,high,low,low,1990's
over 18,127,Comedy,8.1,73.0,50862,348660.0,low,low,low,low,low,1990's
over 18,117,Comedy,8.1,71.0,732620,17498804.0,high,high,average,high,average,1990's
all public,98,Drama,8.1,85.0,124383,2734044.0,average,low,low,low,low,2000's
all public,93,Drama,8.1,83.0,634716,16501785.0,average,average,low,low,low,1990's
all public,98,Thriller/Crime/Mystery,8.1,85.0,617444,24611975.0,high,high,low,average,low,1990's
over 18,101,Drama,8.1,77.0,272291,5535405.0,high,high,high,low,low,1990's
all public,99,Drama,8.1,100.0,90729,4043686.0,high,average,low,low,low,1990's
all public,102,Comedy,8.1,77.0,63122,600200.0,average,low,low,average,low,1990's
family,127,Action/Adventure,8.1,68.0,867615,402453882.0,high,average,low,low,low,1990's
family,133,Drama,8.1,84.0,156842,25010410.0,average,high,low,low,low,1990's
all public,128,Comedy,8.1,79.0,425457,95860116.0,average,average,low,average,low,1980's
all public,89,Action/Adventure,8.1,75.0,363401,52287414.0,high,low,low,low,low,1980's
all public,120,Drama,8.1,92.0,381222,138530565.0,average,low,low,average,low,1980's
all public,145,Drama,8.1,78.0,91188,2181987.0,average,low,low,low,low,1980's
all public,117,Other,8.1,86.0,150924,495770.0,high,low,low,low,low,1980's
all public,109,Thriller/Crime/Mystery,8.1,57.0,371271,13782838.0,average,low,low,low,low,1980's
family,95,Drama,8.1,47.0,76081,22244207.0,average,low,low,low,low,1980's
all public,188,Drama,8.1,100.0,57784,4971340.0,low,low,low,low,low,1980's
family,117,Action/Adventure,8.1,84.0,693827,32868943.0,high,high,low,low,low,1980's
over 18,94,Comedy,8.1,77.0,367250,20045115.0,low,low,low,low,low,1970's
all public,183,Drama,8.1,86.0,311361,48979328.0,low,high,average,low,low,1970's
all public,120,Drama,8.1,70.0,518546,117235247.0,low,average,low,low,low,1970's
family,130,Drama,8.1,92.0,294230,29000000.0,average,high,low,low,low,1970's
all public,102,Comedy,8.1,77.0,42285,30933743.0,average,low,low,low,low,1970's
all public,127,Thriller/Crime/Mystery,8.1,92.0,161984,16217773.0,low,high,low,low,low,1960's
family,134,Drama,8.1,75.0,50058,4050000.0,low,average,low,low,low,1960's
all public,212,Action/Adventure,8.1,90.0,219466,74700000.0,average,average,low,low,low,1950's
family,161,Action/Adventure,8.1,87.0,203463,44908000.0,average,average,average,low,low,1950's
all public,108,Thriller/Crime/Mystery,8.1,91.0,142107,9600000.0,average,average,average,low,average,1950's
all public,111,Drama,8.1,72.0,31568,3969893.0,high,average,low,low,low,1950's
all public,104,Other,8.1,97.0,158731,449191.0,low,average,average,low,low,1940's
all public,130,Drama,8.1,86.0,123942,4360000.0,high,low,low,average,low,1940's
family,129,Comedy,8.1,73.0,107017,9600000.0,average,average,low,average,low,1930's
all public,238,Drama,8.1,97.0,290074,198676459.0,average,average,low,low,low,1930's
all public,105,Comedy,8.1,87.0,94016,4360000.0,average,low,low,low,low,1930's
all public,128,Comedy,8.0,94.0,505918,151101803.0,average,average,average,low,low,2010's
all public,118,Drama,8.0,69.0,213970,51739495.0,low,low,low,low,low,2010's
family,144,Action/Adventure,8.0,80.0,760094,228433663.0,high,high,low,low,low,2010's
all public,108,Other,8.0,78.0,434143,341268248.0,low,low,low,average,low,2010's
all public,137,Other,8.0,89.0,38746,1506975.0,average,low,low,low,low,2010's
all public,113,Drama,8.0,66.0,141923,132422809.0,average,low,low,low,low,2010's
family,154,Drama,8.0,65.0,31886,5566534.0,low,low,low,low,low,2010's
over 18,96,Drama,8.0,82.0,81770,1010414.0,low,average,low,low,low,2010's
all public,150,Action/Adventure,8.0,71.0,114316,2625803.0,average,average,low,low,low,2010's
family,114,Drama,8.0,73.0,685201,91125683.0,low,low,low,low,low,2010's
family,121,Action/Adventure,8.0,76.0,1043455,333176600.0,average,average,low,low,low,2010's
family,164,Action/Adventure,8.0,81.0,461823,92054159.0,high,high,low,average,low,2010's
all public,126,Drama,8.0,90.0,540772,25568251.0,average,average,low,high,average,2010's
family,134,Drama,8.0,49.0,450349,216428042.0,average,low,low,low,low,2010's
all public,156,Action/Adventure,8.0,76.0,705589,183637894.0,high,high,average,low,average,2010's
family,103,Drama,8.0,67.0,462252,17738570.0,average,low,high,low,low,2010's
all public,118,Drama,8.0,88.0,639603,138797449.0,low,average,average,low,low,2010's
family,146,Drama,8.0,62.0,428521,169708112.0,low,low,low,low,average,2010's
over 18,108,Action/Adventure,8.0,65.0,902669,363070709.0,low,average,low,low,low,2010's
family,119,Drama,8.0,87.0,45803,106662.0,high,low,low,low,low,2000's
family,165,Drama,8.0,50.0,98575,4018695.0,low,average,low,low,low,2010's
family,120,Drama,8.0,84.0,798882,141319928.0,average,low,low,low,low,2000's
all public,108,Drama,8.0,79.0,699673,106954678.0,average,low,low,low,low,2010's
over 18,115,Action/Adventure,8.0,33.0,98097,8060.0,low,low,low,low,low,2000's
family,143,Action/Adventure,8.0,69.0,1260806,623279547.0,average,average,high,high,low,2010's
family,96,Other,8.0,90.0,88656,4445756.0,low,low,low,low,low,2000's
over 18,117,Drama,8.0,80.0,441614,27298285.0,low,average,low,average,low,2010's
all public,117,Drama,8.0,64.0,448930,163566459.0,average,average,low,low,low,2000's
all public,143,Action/Adventure,8.0,64.0,499439,57366262.0,average,high,low,high,low,2000's
family,115,Action/Adventure,8.0,85.0,604694,227471070.0,average,high,low,average,low,2000's
all public,88,Thriller/Crime/Mystery,8.0,72.0,50610,238507.0,average,low,low,low,low,2000's
all public,124,Thriller/Crime/Mystery,8.0,74.0,738512,74103820.0,low,low,low,low,average,2000's
family,112,Drama,8.0,92.0,103284,5990075.0,low,average,low,low,low,2000's
all public,111,Other,8.0,96.0,641645,206445654.0,high,low,low,low,low,2000's
family,144,Action/Adventure,8.0,80.0,582239,167445960.0,low,high,low,low,low,2000's
all public,137,Action/Adventure,8.0,83.0,683900,66208183.0,high,average,average,average,low,2000's
over 18,103,Drama,8.0,85.0,77520,2380788.0,average,low,low,low,low,2000's
all public,126,Drama,8.0,74.0,77554,2086345.0,average,low,low,low,low,2010's
family,144,Drama,8.0,69.0,176151,61649911.0,high,high,low,low,low,2000's
all public,186,Comedy,8.0,54.0,63460,1787378.0,low,low,low,low,low,2000's
family,101,Action/Adventure,8.0,75.0,117857,169659.0,low,low,low,average,low,2000's
family,143,Action/Adventure,8.0,63.0,1015122,305413918.0,low,high,average,average,low,2000's
all public,125,Action/Adventure,8.0,58.0,415218,66257002.0,average,average,low,low,low,2000's
all public,115,Other,8.0,90.0,657047,261441092.0,high,average,low,low,low,2000's
over 18,178,Thriller/Crime/Mystery,8.0,60.0,137963,1530386.0,average,average,low,low,low,2000's
over 18,113,Drama,8.0,88.0,740086,1480006.0,low,high,low,low,low,2000's
over 18,188,Drama,8.0,77.0,289742,22455976.0,average,high,low,low,average,1990's
all public,140,Thriller/Crime/Mystery,8.0,61.0,102285,4184036.0,average,low,low,average,low,2000's
all public,112,Drama,8.0,86.0,82002,6203044.0,high,low,low,low,low,1990's
over 18,105,Drama,8.0,82.0,78341,1647780.0,average,average,low,low,average,1990's
over 18,110,Drama,8.0,80.0,36419,5595428.0,average,low,low,low,low,1990's
family,86,Other,8.0,85.0,172083,23159305.0,high,low,low,low,average,1990's
over 18,135,Drama,8.0,84.0,86838,24475416.0,low,low,low,low,low,1990's
all public,136,Comedy,8.0,91.0,37564,13417292.0,low,low,low,low,low,1990's
all public,129,Thriller/Crime/Mystery,8.0,74.0,578443,57141459.0,high,high,average,average,low,1990's
family,83,Other,8.0,76.0,129231,515905.0,low,low,low,low,low,1990's
all public,76,Other,8.0,82.0,300208,75082668.0,average,low,low,low,low,1990's
all public,101,Comedy,8.0,72.0,577991,70906973.0,low,average,low,low,low,1990's
over 18,180,Thriller/Crime/Mystery,8.0,47.0,28825,4496583.0,average,low,low,low,low,1990's
family,156,Drama,8.0,59.0,263918,63895607.0,low,high,low,low,low,1990's
all public,90,Other,8.0,86.0,373845,217350219.0,average,average,low,low,low,1990's
family,189,Drama,8.0,72.0,142110,70405498.0,average,average,average,average,low,1990's
all public,84,Other,8.0,95.0,417178,218967620.0,low,low,low,low,low,1990's
all public,181,Action/Adventure,8.0,72.0,240266,184208848.0,low,average,low,low,low,1990's
over 18,120,Comedy,8.0,93.0,89429,27545445.0,high,low,low,low,low,1980's
all public,133,Drama,8.0,65.0,473064,178800000.0,average,high,low,low,low,1980's
all public,98,Action/Adventure,8.0,77.0,393899,30857814.0,high,average,low,low,low,1980's
all public,128,Drama,8.0,79.0,64722,3333969.0,average,average,low,low,low,1980's
all public,104,Drama,8.0,88.0,31163,4542825.0,low,low,low,low,low,1980's
family,107,Action/Adventure,8.0,84.0,799795,38400000.0,high,average,average,low,low,1980's
all public,191,Drama,8.0,79.0,217664,52767889.0,low,low,low,low,low,1980's
family,130,Comedy,8.0,83.0,65625,30177511.0,low,average,average,average,low,1970's
all public,93,Comedy,8.0,92.0,251823,39200000.0,high,average,average,low,low,1970's
all public,124,Action/Adventure,8.0,87.0,543388,260000000.0,high,average,low,low,low,1970's
all public,125,Drama,8.0,86.0,235652,50000000.0,high,high,average,low,low,1970's
all public,106,Comedy,8.0,80.0,143359,86300000.0,average,average,low,low,low,1970's
over 18,151,Drama,8.0,58.0,121627,53267000.0,average,average,low,low,low,1970's
all public,122,Thriller/Crime/Mystery,8.0,81.0,362393,232906145.0,average,average,low,low,low,1970's
over 18,118,Drama,8.0,93.0,42456,29133000.0,average,low,average,average,low,1970's
all public,181,Drama,8.0,67.0,39491,80500000.0,average,low,low,low,low,1970's
family,113,Drama,8.0,100.0,27067,541940.0,average,average,low,low,low,1970's
family,110,Drama,8.0,66.0,201888,102308889.0,average,high,average,average,low,1960's
all public,112,Action/Adventure,8.0,79.0,165167,33395426.0,average,average,low,average,low,1960's
all public,106,Comedy,8.0,83.0,253676,104945305.0,low,high,low,average,low,1960's
all public,172,Drama,8.0,63.0,205425,163214286.0,low,average,low,low,low,1960's
all public,197,Drama,8.0,69.0,69903,111722000.0,average,low,low,low,average,1960's
all public,99,Action/Adventure,8.0,65.0,198219,14500000.0,high,high,low,low,low,1960's
all public,134,Drama,8.0,90.0,75067,8284000.0,low,high,low,low,low,1960's
all public,174,Comedy,8.0,95.0,66621,19516000.0,low,low,low,low,low,1960's
family,141,Action/Adventure,8.0,93.0,56305,12535000.0,low,low,low,low,low,1950's
family,95,Thriller/Crime/Mystery,8.0,99.0,98431,2237659.0,average,average,low,low,low,1950's
all public,108,Drama,8.0,84.0,45062,17570324.0,low,low,low,low,low,1950's
all public,122,Drama,8.0,97.0,99182,8000000.0,average,low,average,average,low,1950's
all public,170,Drama,8.0,93.0,57259,23650000.0,average,low,low,low,low,1940's
family,129,Drama,8.0,96.0,85559,55000.0,low,average,low,low,low,1940's
all public,102,Action/Adventure,8.0,92.0,371379,2076020.0,average,average,low,low,low,1930's
all public,152,Drama,8.0,91.0,57318,3270000.0,low,low,low,low,low,1930's
family,130,Comedy,7.9,82.0,454203,165359751.0,low,high,high,average,low,2010's
all public,121,Thriller/Crime/Mystery,7.9,93.0,62754,3313513.0,low,low,low,low,low,2010's
all public,137,Comedy,7.9,94.0,246644,2000000.0,low,low,average,low,low,2010's
family,132,Drama,7.9,93.0,212651,18095701.0,low,low,low,low,low,2010's
family,100,Drama,7.9,78.0,53818,258168.0,low,average,low,low,low,2010's
all public,101,Other,7.9,82.0,139114,32015231.0,high,low,low,average,low,2010's
family,101,Action/Adventure,7.9,81.0,111483,5202582.0,average,average,low,low,low,2010's
over 18,118,Comedy,7.9,72.0,189400,5875006.0,low,average,average,low,low,2010's
family,106,Comedy,7.9,79.0,85109,3237118.0,average,low,low,low,low,2010's
family,130,Action/Adventure,7.9,74.0,587775,315058289.0,average,low,low,low,average,2010's
all public,117,Thriller/Crime/Mystery,7.9,76.0,466134,32381218.0,low,high,low,average,low,2010's
family,108,Comedy,7.9,58.0,297918,349555.0,average,low,low,high,low,2010's
family,116,Drama,7.9,81.0,594181,100546139.0,high,low,average,low,low,2010's
all public,138,Action/Adventure,7.9,80.0,860823,936662225.0,average,low,low,average,average,2010's
over 18,109,Drama,7.9,94.0,141457,8114627.0,high,high,high,low,low,2010's
family,132,Action/Adventure,7.9,75.0,659763,233921534.0,average,low,high,low,low,2010's
all public,100,Comedy,7.9,89.0,230624,44671682.0,low,low,low,high,low,2010's
family,113,Action/Adventure,7.9,71.0,600004,100206256.0,average,high,low,average,low,2010's
family,127,Drama,7.9,94.0,93090,6739492.0,average,average,low,low,low,2010's
over 18,209,Drama,7.9,94.0,324720,7000000.0,high,high,average,high,low,2010's
all public,155,Thriller/Crime/Mystery,7.9,90.0,93560,2084637.0,low,low,low,low,low,2000's
over 18,97,Drama,7.9,67.0,335152,5009677.0,low,low,low,low,low,2000's
over 18,114,Thriller/Crime/Mystery,7.9,82.0,205609,2122065.0,low,low,low,low,low,2000's
all public,112,Action/Adventure,7.9,81.0,638202,115646235.0,low,low,low,low,low,2000's
family,109,Drama,7.9,80.0,289415,26236603.0,average,low,average,low,low,2000's
all public,165,Drama,7.9,100.0,335533,25379975.0,high,low,average,average,low,2010's
family,127,Action/Adventure,7.9,82.0,577336,257730019.0,average,average,average,low,low,2000's
over 18,107,Comedy,7.9,67.0,390334,7757130.0,average,low,average,average,low,2000's
family,141,Action/Adventure,7.9,89.0,154011,13756082.0,high,low,low,low,low,2000's
over 18,117,Action/Adventure,7.9,64.0,107290,2280348.0,low,low,low,low,low,2000's
all public,127,Action/Adventure,7.9,79.0,580708,124987023.0,high,low,low,low,low,2010's
family,87,Other,7.9,83.0,199696,21002919.0,high,average,high,low,low,2000's
family,97,Drama,7.9,56.0,57430,3635164.0,low,low,low,low,low,2000's
family,126,Action/Adventure,7.9,79.0,939644,318412101.0,low,average,average,low,low,2000's
family,99,Comedy,7.9,76.0,512249,13542874.0,average,average,average,low,low,2000's
all public,138,Thriller/Crime/Mystery,7.9,84.0,419420,90135191.0,high,average,low,average,low,2000's
all public,142,Action/Adventure,7.9,82.0,552493,249358727.0,high,high,high,high,low,2000's
family,120,Action/Adventure,7.9,85.0,173999,53710019.0,low,average,low,low,low,2000's
over 18,112,Drama,7.9,86.0,104691,9284265.0,average,low,low,low,low,2000's
over 18,98,Comedy,7.9,84.0,44618,1059830.0,low,low,low,low,low,2000's
all public,115,Other,7.9,61.0,42897,1000045.0,low,low,low,low,low,2000's
family,119,Action/Adventure,7.9,68.0,508771,121661683.0,average,average,high,average,average,2000's
over 18,114,Thriller/Crime/Mystery,7.9,80.0,49721,1221261.0,low,average,low,low,low,2000's
all public,109,Action/Adventure,7.9,84.0,465113,35552383.0,high,low,average,average,high,2000's
all public,122,Action/Adventure,7.9,90.0,252586,32534850.0,low,low,low,low,low,2000's
over 18,147,Drama,7.9,85.0,322031,7220243.0,high,average,low,low,low,2000's
all public,92,Other,7.9,88.0,527512,245852179.0,average,low,average,low,low,1990's
over 18,155,Drama,7.9,85.0,239473,26400640.0,average,average,average,low,low,1990's
all public,102,Thriller/Crime/Mystery,7.9,77.0,31590,2201126.0,low,low,low,low,low,1990's
over 18,119,Thriller/Crime/Mystery,7.9,59.0,206918,12281500.0,average,low,average,average,low,1990's
all public,94,Drama,7.9,85.0,89836,1324974.0,high,low,low,low,low,1990's
all public,144,Thriller/Crime/Mystery,7.9,65.0,201000,36948322.0,average,high,average,low,low,1990's
all public,105,Drama,7.9,74.0,447368,56362352.0,average,high,low,low,low,1990's
all public,103,Drama,7.9,97.0,68076,14743391.0,average,high,low,low,low,1980's
family,104,Comedy,7.9,77.0,54670,18254702.0,high,low,low,low,low,1980's
all public,119,Thriller/Crime/Mystery,7.9,79.0,281842,76270454.0,average,average,average,average,low,1980's
family,107,Comedy,7.9,90.0,67176,40084041.0,high,average,low,low,low,1980's
all public,132,Drama,7.9,84.0,187567,9929135.0,high,low,low,average,low,1980's
over 18,82,Comedy,7.9,92.0,128812,188751.0,high,low,low,low,low,1980's
all public,93,Comedy,7.9,77.0,132947,20605209.0,low,low,low,low,low,1980's
all public,133,Action/Adventure,7.9,60.0,183182,57229890.0,low,low,average,low,low,1980's
over 18,96,Comedy,7.9,83.0,131436,45700000.0,high,average,average,low,low,1970's
all public,123,Drama,7.9,72.0,28223,37823676.0,average,average,low,low,low,1970's
all public,127,Action/Adventure,7.9,71.0,111512,5100000.0,low,low,low,low,low,1970's
all public,138,Drama,7.9,84.0,103031,70600000.0,low,high,average,average,low,1970's
over 18,114,Action/Adventure,7.9,76.0,37183,61001.0,low,low,low,low,low,1970's
family,102,Comedy,7.9,93.0,38737,198809.0,low,low,low,low,low,1970's
all public,172,Drama,7.9,91.0,93741,61700000.0,average,low,average,low,low,1970's
all public,145,Action/Adventure,7.9,97.0,77401,12064472.0,low,average,low,low,low,1960's
all public,110,Thriller/Crime/Mystery,7.9,75.0,67804,24379978.0,average,low,low,low,low,1960's
all public,113,Comedy,7.9,83.0,68689,13474588.0,average,average,low,low,low,1960's
all public,197,Action/Adventure,7.9,87.0,124339,30000000.0,high,average,low,low,low,1960's
family,85,Drama,7.9,89.0,97222,9450000.0,high,low,average,low,low,1950's
all public,101,Thriller/Crime/Mystery,7.9,88.0,123341,7630000.0,high,low,low,low,low,1950's
all public,102,Drama,7.9,100.0,92306,10464000.0,high,average,average,average,low,1940's
family,102,Action/Adventure,7.9,97.0,47175,3981000.0,average,low,low,low,low,1930's
family,100,Action/Adventure,7.9,90.0,78991,10000000.0,low,low,low,low,low,1930's
family,124,Drama,7.8,85.0,51240,2402067.0,high,low,low,low,low,2010's
family,106,Action/Adventure,7.8,94.0,555092,188373161.0,high,low,low,low,low,2010's
family,127,Drama,7.8,74.0,200876,169607287.0,low,low,low,low,low,2010's
all public,103,Action/Adventure,7.8,88.0,61594,40442052.0,low,low,low,low,low,2010's
family,101,Other,7.8,84.0,118035,48023088.0,low,low,low,average,low,2010's
family,137,Drama,7.8,96.0,246963,47695120.0,low,low,low,low,low,2010's
over 18,100,Drama,7.8,75.0,35539,435266.0,low,low,low,low,low,2010's
family,133,Action/Adventure,7.8,65.0,556608,532177324.0,low,low,low,low,low,2010's
family,147,Action/Adventure,7.8,75.0,663649,408084349.0,high,high,high,low,average,2010's
all public,168,Thriller/Crime/Mystery,7.8,68.0,517059,54117416.0,high,low,average,low,low,2010's
all public,135,Drama,7.8,91.0,143250,108101214.0,low,low,high,low,low,2010's
family,94,Other,7.8,62.0,50778,6735118.0,low,low,low,low,low,2010's
family,130,Drama,7.8,85.0,45002,1330596.0,high,low,low,low,low,2010's
all public,104,Drama,7.8,76.0,50523,4231500.0,low,low,low,low,low,2010's
all public,102,Other,7.8,74.0,410983,222527828.0,low,low,low,low,low,2010's
over 18,123,Comedy,7.8,55.0,303032,15322921.0,low,low,average,low,low,2010's
family,126,Other,7.8,83.0,73690,5209580.0,high,low,low,low,low,2010's
all public,100,Other,7.8,84.0,203177,434038008.0,low,high,average,low,low,2010's
over 18,131,Thriller/Crime/Mystery,7.8,49.0,108399,85433.0,average,average,low,low,average,2010's
all public,94,Comedy,7.8,84.0,318789,45512466.0,high,low,low,low,low,2010's
all public,102,Other,7.8,76.0,305611,177002924.0,average,low,average,average,low,2010's
all public,130,Drama,7.8,81.0,362942,70259870.0,low,high,average,low,average,2010's
over 18,158,Thriller/Crime/Mystery,7.8,71.0,423010,102515793.0,high,high,low,average,average,2010's
family,134,Action/Adventure,7.8,82.0,421244,107100855.0,average,high,low,low,average,2010's
over 18,147,Drama,7.8,72.0,179264,161197785.0,low,low,low,low,low,2010's
over 18,129,Thriller/Crime/Mystery,7.8,79.0,52758,547292.0,average,low,average,low,low,2000's
family,161,Action/Adventure,7.8,66.0,601408,258366855.0,high,low,low,average,low,2010's
family,144,Drama,7.8,82.0,68715,2222647.0,average,low,low,low,average,2000's
over 18,152,Thriller/Crime/Mystery,7.8,76.0,208994,10095170.0,low,low,low,low,low,2000's
family,116,Drama,7.8,79.0,340584,93617009.0,average,average,average,low,average,2010's
all public,90,Action/Adventure,7.8,51.0,564791,145000989.0,low,average,low,low,low,2000's
family,94,Drama,7.8,55.0,190748,9030581.0,low,low,low,low,low,2000's
over 18,86,Drama,7.8,88.0,110656,9439923.0,average,low,low,low,low,2000's
family,169,Action/Adventure,7.8,58.0,757377,303003568.0,high,low,high,average,low,2010's
over 18,123,Drama,7.8,85.0,251370,50927067.0,average,average,low,average,low,2000's
all public,100,Thriller/Crime/Mystery,7.8,78.0,571571,35061555.0,low,average,low,low,average,2010's
all public,157,Drama,7.8,76.0,392449,130164645.0,high,high,average,average,average,2000's
family,162,Action/Adventure,7.8,83.0,1118998,760507625.0,high,low,average,average,low,2000's
over 18,141,Drama,7.8,63.0,216421,3600.0,low,low,low,low,low,2000's
all public,139,Action/Adventure,7.8,68.0,291018,50866635.0,average,low,low,low,low,2000's
family,101,Comedy,7.8,80.0,439856,59891098.0,low,low,average,average,low,2000's
family,121,Action/Adventure,7.8,81.0,463466,23637265.0,average,average,average,low,average,2000's
family,166,Drama,7.8,70.0,589160,127509326.0,high,high,average,low,low,2000's
all public,192,Drama,7.8,67.0,49050,2921738.0,low,average,low,low,low,2000's
over 18,94,Comedy,7.8,51.0,45717,1305.0,low,average,low,low,average,2000's
family,129,Drama,7.8,82.0,258924,38405088.0,average,average,low,average,average,2000's
all public,127,Drama,7.8,68.0,51980,5128124.0,low,average,low,low,low,2000's
family,90,Other,7.8,73.0,31658,128985.0,average,low,average,low,low,2000's
family,119,Action/Adventure,7.8,74.0,283310,25514517.0,average,low,low,average,low,2000's
family,136,Drama,7.8,72.0,234207,119519402.0,high,average,low,average,average,2000's
all public,123,Drama,7.8,53.0,520284,81001787.0,low,low,average,high,low,2000's
all public,126,Action/Adventure,7.8,75.0,96703,16756372.0,average,low,low,low,low,2000's
over 18,109,Thriller/Crime/Mystery,7.8,82.0,42673,181655.0,low,low,low,low,low,2000's
family,80,Other,7.8,91.0,50622,7002255.0,low,low,low,low,low,2000's
family,131,Action/Adventure,7.8,61.0,129022,54234062.0,low,average,low,low,low,2000's
over 18,99,Other,7.8,83.0,60684,2892011.0,high,high,low,low,low,2000's
all public,113,Drama,7.8,48.0,198089,115654751.0,low,high,low,low,low,2000's
family,120,Action/Adventure,7.8,94.0,253228,128078872.0,high,low,low,low,low,2000's
over 18,101,Drama,7.8,87.0,89058,8264530.0,average,low,low,low,low,1990's
family,143,Action/Adventure,7.8,73.0,524235,233632142.0,high,high,average,low,low,2000's
over 18,108,Action/Adventure,7.8,44.0,227143,25812.0,low,low,low,low,low,1990's
family,157,Drama,7.8,84.0,159886,28965197.0,average,high,average,average,low,1990's
family,108,Drama,7.8,71.0,82855,32481825.0,low,high,low,low,low,1990's
all public,90,Other,7.8,84.0,613941,267665011.0,low,low,low,average,low,2000's
family,194,Drama,7.8,75.0,1046089,659325379.0,high,high,high,low,low,1990's
family,106,Drama,7.8,64.0,280845,12339633.0,average,high,average,low,low,1990's
family,129,Action/Adventure,7.8,61.0,345096,48323648.0,high,average,low,low,low,1990's
over 18,159,Drama,7.8,76.0,62428,4040691.0,average,low,low,low,low,1990's
all public,127,Drama,7.8,70.0,164937,5887457.0,average,high,low,low,low,1990's
all public,118,Drama,7.8,73.0,215034,9170214.0,low,high,low,low,low,1990's
over 18,130,Action/Adventure,7.8,50.0,126871,56505065.0,low,low,average,average,low,1990's
all public,101,Comedy,7.8,55.0,78963,32416586.0,low,low,low,low,low,1990's
all public,134,Drama,7.8,84.0,66065,22954968.0,low,average,low,low,low,1990's
all public,130,Action/Adventure,7.8,87.0,267684,183875760.0,low,high,average,low,average,1990's
over 18,121,Thriller/Crime/Mystery,7.8,80.0,128171,17266971.0,low,high,low,low,low,1990's
over 18,129,Comedy,7.8,68.0,55362,2015810.0,average,low,low,low,low,1990's
over 18,98,Drama,7.8,86.0,42376,1999955.0,high,average,low,low,low,1990's
all public,112,Thriller/Crime/Mystery,7.8,76.0,126082,57504069.0,low,low,low,low,low,1990's
over 18,107,Drama,7.8,75.0,184740,61276872.0,high,low,low,low,low,1990's
all public,121,Drama,7.8,74.0,125276,52096475.0,low,high,low,low,low,1990's
over 18,122,Drama,7.8,78.0,122779,26830000.0,average,average,average,low,low,1980's
all public,108,Action/Adventure,7.8,57.0,481918,118500000.0,high,average,average,average,low,1980's
all public,128,Thriller/Crime/Mystery,7.8,65.0,88214,34603943.0,average,high,low,average,low,1980's
all public,107,Action/Adventure,7.8,45.0,371387,59735548.0,average,average,low,low,low,1980's
all public,84,Action/Adventure,7.8,72.0,148359,5923044.0,low,low,low,low,low,1980's
all public,103,Comedy,7.8,61.0,321382,70136369.0,average,average,low,low,low,1980's
over 18,107,Comedy,7.8,75.0,47834,1436000.0,average,low,low,low,low,1980's
all public,114,Action/Adventure,7.8,62.0,244430,61503218.0,average,low,average,low,low,1980's
all public,154,Drama,7.8,78.0,78321,98467863.0,high,low,low,low,low,1980's
family,97,Comedy,7.8,66.0,357026,45875171.0,average,low,low,low,low,1980's
family,141,Drama,7.8,76.0,51585,34700291.0,low,low,low,low,low,1980's
family,105,Action/Adventure,7.8,71.0,355413,238632124.0,low,average,average,average,low,1980's
family,193,Action/Adventure,7.8,91.0,56235,21500000.0,low,low,low,average,low,1980's
all public,109,Comedy,7.8,73.0,88511,2500000.0,high,high,low,low,low,1980's
all public,115,Other,7.8,91.0,372490,435110554.0,high,low,low,low,low,1980's
all public,105,Drama,7.8,77.0,133351,106260000.0,low,high,high,low,low,1970's
all public,135,Other,7.8,69.0,65659,31800000.0,high,high,low,low,average,1970's
all public,113,Drama,7.8,85.0,98611,4420000.0,high,high,average,low,average,1970's
all public,72,Other,7.8,73.0,25229,193817.0,low,low,low,low,low,1970's
all public,143,Thriller/Crime/Mystery,7.8,80.0,37445,16056255.0,high,low,low,low,low,1970's
all public,124,Drama,7.8,80.0,48334,42765000.0,average,low,low,low,low,1970's
all public,100,Other,7.8,67.0,178731,4000000.0,low,average,low,low,low,1970's
all public,113,Drama,7.8,79.0,101124,44785053.0,low,high,low,low,low,1960's
all public,170,Drama,7.8,95.0,86525,72000000.0,low,low,low,low,low,1960's
all public,139,Comedy,7.8,88.0,158029,102272727.0,low,average,low,low,low,1960's
all public,178,Action/Adventure,7.8,75.0,52141,39100000.0,low,low,low,low,low,1960's
all public,100,Thriller/Crime/Mystery,7.8,88.0,27007,2616000.0,low,low,low,low,low,1960's
over 18,119,Action/Adventure,7.7,66.0,478586,324591735.0,low,average,average,low,low,2010's
over 18,107,Thriller/Crime/Mystery,7.7,73.0,205444,33800859.0,low,low,average,low,low,2010's
over 18,104,Thriller/Crime/Mystery,7.7,85.0,492851,176040665.0,low,low,low,low,average,2010's
family,147,Action/Adventure,7.7,86.0,291257,220159104.0,low,high,low,low,low,2010's
family,116,Comedy,7.7,70.0,47444,3358518.0,low,low,low,low,low,2010's
over 18,86,Comedy,7.7,76.0,157498,3333000.0,low,low,low,low,low,2010's
all public,103,Other,7.7,72.0,32798,765127.0,low,low,low,low,low,2010's
all public,123,Drama,7.7,72.0,404182,35893537.0,low,low,low,low,low,2010's
all public,129,Action/Adventure,7.7,60.0,590440,128261724.0,high,average,low,high,high,2010's
family,126,Drama,7.7,69.0,344312,124872350.0,low,low,low,low,average,2010's
family,105,Comedy,7.7,74.0,123210,6743776.0,low,low,low,low,low,2010's
all public,119,Comedy,7.7,87.0,580291,42340598.0,high,low,low,average,low,2010's
all public,180,Drama,7.7,89.0,138741,2199675.0,low,low,low,low,low,2010's
all public,130,Drama,7.7,40.0,32628,1122527.0,low,low,low,low,low,2010's
family,136,Action/Adventure,7.7,70.0,736182,259766572.0,high,high,high,high,average,2010's
family,115,Action/Adventure,7.7,87.0,112298,17654912.0,low,low,low,low,low,2010's
all public,101,Other,7.7,72.0,380195,189422889.0,low,low,low,low,low,2010's
family,108,Other,7.7,70.0,56720,1339152.0,low,low,low,high,low,2010's
family,96,Comedy,7.7,81.0,388089,56816662.0,high,low,average,low,low,2010's
all public,100,Other,7.7,83.0,323982,257760692.0,low,low,low,low,low,2010's
family,91,Drama,7.7,96.0,769145,274092705.0,high,low,average,average,low,2010's
family,132,Action/Adventure,7.7,72.0,463188,228778661.0,average,average,average,low,low,2010's
family,120,Drama,7.7,95.0,624982,96962694.0,high,average,low,low,average,2010's
family,131,Action/Adventure,7.7,65.0,645512,146408305.0,high,average,low,low,average,2010's
family,100,Comedy,7.7,73.0,717559,277322503.0,average,low,average,low,low,2000's
family,143,Action/Adventure,7.7,81.0,630614,304360277.0,high,high,low,low,low,2010's
all public,122,Comedy,7.7,81.0,661871,132092958.0,average,low,low,average,low,2010's
all public,120,Drama,7.7,86.0,572581,136025503.0,average,average,low,high,average,2010's
family,95,Comedy,7.7,76.0,472242,32391374.0,average,low,average,low,low,2000's
all public,146,Action/Adventure,7.7,65.0,479120,295983305.0,average,high,high,high,average,2010's
all public,101,Other,7.7,86.0,125317,15090400.0,high,low,high,low,low,2000's
over 18,122,Drama,7.7,80.0,103330,18593156.0,high,low,low,average,low,2000's
all public,90,Other,7.7,81.0,71379,881302.0,average,low,average,low,low,2000's
over 18,141,Drama,7.7,63.0,239203,35739802.0,high,low,low,low,low,2000's
family,90,Comedy,7.7,45.0,81446,1752214.0,high,low,low,low,average,2010's
family,108,Drama,7.7,78.0,474141,25442958.0,low,low,low,average,low,2010's
over 18,120,Drama,7.7,78.0,32001,412544.0,average,average,low,low,low,2000's
over 18,123,Drama,7.7,74.0,175355,17605861.0,low,average,low,low,average,2000's
family,157,Thriller/Crime/Mystery,7.7,78.0,466080,33080084.0,high,high,average,average,average,2000's
over 18,110,Action/Adventure,7.7,53.0,299524,22494487.0,low,average,low,average,low,2000's
family,116,Drama,7.7,70.0,28003,1054361.0,low,low,low,low,low,2000's
over 18,122,Drama,7.7,78.0,61609,871577.0,low,low,average,low,average,2000's
all public,100,Other,7.7,71.0,405922,200821936.0,low,low,low,low,low,2010's
over 18,145,Drama,7.7,71.0,72643,4398392.0,low,low,low,low,low,2000's
all public,134,Drama,7.7,87.0,323103,83043761.0,high,high,average,average,low,2000's
all public,122,Action/Adventure,7.7,76.0,288797,53606916.0,high,high,average,low,low,2000's
family,112,Thriller/Crime/Mystery,7.7,66.0,419483,54580300.0,low,average,average,low,low,2000's
family,99,Action/Adventure,7.7,78.0,127250,17108591.0,low,low,low,low,low,2000's
all public,108,Action/Adventure,7.7,73.0,434841,176241941.0,average,high,low,average,low,2000's
over 18,101,Drama,7.7,61.0,358432,1082715.0,low,high,low,low,low,2000's
all public,152,Drama,7.7,73.0,138356,75331600.0,average,average,low,low,low,2000's
family,102,Comedy,7.7,89.0,415074,44585453.0,low,average,average,low,low,2000's
family,157,Action/Adventure,7.7,81.0,548619,290013036.0,average,high,high,high,low,2000's
family,146,Action/Adventure,7.7,47.0,329592,77911774.0,average,high,average,average,average,2000's
all public,100,Other,7.7,80.0,197761,75286229.0,average,low,low,low,low,2000's
family,154,Action/Adventure,7.7,55.0,400049,111110575.0,average,high,low,low,low,2000's
over 18,114,Drama,7.7,83.0,25938,4890878.0,low,low,low,low,low,2000's
over 18,121,Comedy,7.7,68.0,137981,4064200.0,low,average,low,low,low,2000's
family,105,Drama,7.7,76.0,40403,15539266.0,average,low,average,low,low,2000's
family,132,Drama,7.7,28.0,142863,40311852.0,low,average,average,average,low,2000's
over 18,115,Comedy,7.7,83.0,178565,22245861.0,average,average,high,average,low,2000's
all public,144,Drama,7.7,74.0,364254,108638745.0,high,average,low,average,low,2000's
all public,117,Thriller/Crime/Mystery,7.7,72.0,246840,104454762.0,high,high,low,low,low,2000's
over 18,120,Drama,7.7,60.0,90842,141072.0,average,low,low,low,low,2000's
over 18,110,Drama,7.7,74.0,126770,21995263.0,low,low,low,low,low,2000's
over 18,95,Comedy,7.7,85.0,31957,3029081.0,low,low,low,low,low,2000's
family,116,Thriller/Crime/Mystery,7.7,74.0,516372,183417150.0,low,average,high,low,low,2000's
all public,103,Other,7.7,62.0,29210,151086.0,low,low,low,low,low,2000's
all public,107,Action/Adventure,7.7,69.0,286742,45512588.0,high,high,average,low,low,2000's
all public,81,Other,7.7,73.0,192112,52037603.0,low,low,low,low,low,1990's
over 18,89,Comedy,7.7,68.0,241575,10824921.0,low,low,low,low,low,1990's
all public,122,Thriller/Crime/Mystery,7.7,69.0,390247,76631907.0,low,high,average,low,low,2000's
family,93,Comedy,7.7,86.0,169229,17105219.0,high,low,low,low,low,1990's
over 18,113,Comedy,7.7,90.0,312542,22858926.0,average,low,low,average,low,1990's
all public,139,Comedy,7.7,67.0,275755,148478011.0,low,high,average,low,low,1990's
family,126,Action/Adventure,7.7,52.0,434125,63540020.0,average,high,low,low,low,1990's
family,80,Comedy,7.7,73.0,37424,4065116.0,low,low,low,low,low,1990's
all public,127,Drama,7.7,76.0,279318,41909762.0,average,high,low,average,average,1990's
all public,105,Drama,7.7,87.0,51350,35811509.0,low,average,low,low,low,1990's
all public,129,Thriller/Crime/Mystery,7.7,47.0,189716,56116183.0,low,low,low,average,low,1990's
all public,97,Drama,7.7,83.0,32236,10019307.0,high,low,low,low,low,1990's
all public,108,Drama,7.7,81.0,33600,21848932.0,low,low,low,low,low,1990's
over 18,92,Comedy,7.7,70.0,211450,3151130.0,low,low,low,low,low,1990's
over 18,188,Comedy,7.7,79.0,42275,6110979.0,average,low,average,low,low,1990's
family,125,Drama,7.7,66.0,224169,77324422.0,average,high,average,low,low,1990's
all public,85,Comedy,7.7,64.0,50298,27281507.0,low,low,low,low,low,1990's
all public,202,Drama,7.7,73.0,85819,48169908.0,high,high,low,low,low,1990's
family,112,Action/Adventure,7.7,76.0,150409,75505856.0,average,high,average,low,low,1990's
over 18,100,Thriller/Crime/Mystery,7.7,82.0,95826,10725228.0,low,high,low,low,average,1990's
all public,138,Drama,7.7,62.0,235388,141340178.0,high,high,low,low,average,1990's
family,130,Drama,7.7,64.0,66941,82418501.0,low,low,low,low,low,1990's
all public,116,Comedy,7.7,69.0,113240,6153939.0,high,high,low,high,low,1990's
over 18,115,Thriller/Crime/Mystery,7.7,66.0,125822,5080409.0,high,high,average,low,low,1990's
all public,104,Other,7.7,83.0,182009,156452370.0,high,low,average,low,low,1980's
over 18,107,Comedy,7.7,84.0,40396,1544889.0,low,low,low,low,low,1980's
all public,163,Drama,7.7,76.0,94326,43984230.0,average,low,low,low,low,1980's
all public,153,Action/Adventure,7.7,62.0,115677,22238696.0,high,high,low,low,low,1980's
over 18,130,Thriller/Crime/Mystery,7.7,54.0,102031,7153487.0,average,average,low,low,low,1980's
all public,120,Drama,7.7,76.0,181285,8551228.0,high,low,low,average,average,1980's
all public,82,Comedy,7.7,75.0,47102,10631333.0,high,average,low,low,low,1980's
family,97,Comedy,7.7,90.0,59635,10600000.0,high,low,low,low,low,1980's
all public,129,Drama,7.7,77.0,36096,54000000.0,high,high,low,average,low,1980's
all public,113,Action/Adventure,7.7,67.0,112704,78912963.0,low,low,low,low,low,1980's
all public,93,Action/Adventure,7.7,61.0,226541,47212904.0,low,average,low,low,average,1980's
all public,124,Drama,7.7,86.0,47099,54800000.0,low,low,low,low,low,1980's
all public,88,Comedy,7.7,78.0,214882,83400000.0,low,low,low,low,low,1980's
all public,91,Thriller/Crime/Mystery,7.7,87.0,233106,47000000.0,average,low,low,low,low,1970's
over 18,126,Drama,7.7,71.0,39889,1924733.0,average,low,low,average,low,1970's
all public,93,Comedy,7.7,73.0,125993,119500000.0,average,low,low,low,low,1970's
all public,130,Drama,7.7,87.0,109941,29800000.0,high,high,low,low,low,1970's
all public,102,Action/Adventure,7.7,83.0,96561,25000000.0,low,low,low,low,low,1970's
all public,109,Action/Adventure,7.7,80.0,98740,7056013.0,low,low,low,low,low,1970's
all public,104,Action/Adventure,7.7,94.0,110075,15630710.0,average,high,low,low,low,1970's
all public,102,Action/Adventure,7.7,90.0,143292,35900000.0,average,high,low,low,low,1970's
all public,105,Comedy,7.7,86.0,31572,44527234.0,low,average,low,low,low,1960's
all public,120,Drama,7.7,72.0,31222,28350000.0,high,low,low,average,low,1960's
all public,110,Action/Adventure,7.7,87.0,174119,51081062.0,low,average,low,low,low,1960's
all public,119,Drama,7.7,90.0,171739,11403529.0,high,low,low,low,low,1960's
all public,128,Action/Adventure,7.7,74.0,87719,4905000.0,average,low,low,low,low,1960's
family,105,Action/Adventure,7.7,91.0,71481,536118.0,average,average,low,low,low,1950's
all public,125,Other,7.7,96.0,88662,76408097.0,low,low,low,low,low,1940's
family,102,Drama,7.6,71.0,140840,26020957.0,low,low,low,low,low,2010's
all public,161,Comedy,7.6,83.0,551309,142502728.0,high,high,high,average,low,2010's
over 18,127,Drama,7.6,86.0,29765,566356.0,average,low,low,low,low,2010's
all public,111,Drama,7.6,92.0,95181,5904366.0,low,low,low,average,low,2010's
family,101,Drama,7.6,60.0,99643,24801212.0,average,low,low,low,low,2010's
family,97,Action/Adventure,7.6,70.0,66346,13122642.0,low,low,low,low,low,2010's
family,97,Drama,7.6,83.0,35785,845464.0,low,low,low,low,low,2010's
family,136,Action/Adventure,7.6,67.0,569974,389813101.0,average,average,average,low,average,2010's
family,113,Action/Adventure,7.6,86.0,439406,107825862.0,average,low,low,low,low,2010's
family,134,Action/Adventure,7.6,72.0,58371,18340051.0,low,low,low,average,low,2010's
family,142,Drama,7.6,81.0,287659,72313754.0,high,high,low,low,low,2010's
family,118,Other,7.6,80.0,250057,608581744.0,high,average,low,low,low,2010's
all public,107,Other,7.6,81.0,272784,248757044.0,average,average,low,low,low,2010's
all public,121,Action/Adventure,7.6,82.0,371291,46889293.0,high,low,average,average,low,2010's
all public,133,Drama,7.6,82.0,247666,109767581.0,low,low,low,low,low,2010's
over 18,140,Thriller/Crime/Mystery,7.6,92.0,49397,1092800.0,average,low,low,low,low,2010's
over 18,102,Action/Adventure,7.6,88.0,204175,26862450.0,low,average,low,average,low,2010's
family,98,Drama,7.6,77.0,94212,37707719.0,low,low,low,low,low,2010's
family,130,Action/Adventure,7.6,79.0,411599,208545589.0,low,low,low,low,low,2010's
all public,101,Action/Adventure,7.6,73.0,190531,4105123.0,average,average,low,low,low,2010's
all public,109,Action/Adventure,7.6,68.0,228132,41003371.0,low,high,low,average,low,2010's
all public,94,Other,7.6,80.0,80939,19202743.0,low,low,low,low,low,2010's
family,136,Drama,7.6,88.0,334312,215288866.0,low,low,average,low,low,2010's
family,110,Drama,7.6,80.0,311822,171243005.0,average,average,average,low,low,2010's
over 18,118,Drama,7.6,65.0,38491,1008098.0,average,low,low,low,low,2010's
all public,95,Other,7.6,72.0,500851,251513985.0,low,low,average,low,low,2010's
over 18,100,Comedy,7.6,72.0,315426,35014192.0,low,low,low,average,average,2010's
family,117,Action/Adventure,7.6,66.0,524081,48071303.0,high,low,low,low,low,2010's
family,133,Drama,7.6,87.0,369529,75605492.0,low,high,average,low,average,2010's
over 18,120,Drama,7.6,70.0,138959,3185812.0,average,low,low,low,low,2010's
all public,88,Action/Adventure,7.6,73.0,520041,75590286.0,low,average,average,average,low,2000's
family,128,Action/Adventure,7.6,57.0,583158,209028679.0,average,average,low,high,low,2000's
family,129,Drama,7.6,53.0,293266,255959475.0,low,low,average,low,low,2000's
family,104,Drama,7.6,79.0,41544,9422422.0,average,low,low,low,low,2000's
family,123,Drama,7.6,36.0,286770,69951824.0,average,average,low,average,low,2000's
over 18,100,Action/Adventure,7.6,82.0,227760,17114882.0,low,average,average,low,low,2000's
all public,127,Action/Adventure,7.6,66.0,255036,38634938.0,high,low,low,low,low,2000's
over 18,129,Thriller/Crime/Mystery,7.6,76.0,339757,88513495.0,high,high,average,average,average,2000's
over 18,114,Thriller/Crime/Mystery,7.6,72.0,250590,20300218.0,average,average,high,low,low,2000's
family,140,Drama,7.6,66.0,82781,10301706.0,low,low,low,low,low,2000's
family,104,Action/Adventure,7.6,70.0,72863,24633730.0,low,average,low,low,low,2000's
all public,110,Drama,7.6,68.0,354728,39868642.0,low,average,low,low,low,2000's
family,153,Action/Adventure,7.6,78.0,474827,301959197.0,average,high,high,high,average,2000's
all public,117,Action/Adventure,7.6,52.0,732876,210614939.0,average,low,low,low,low,2000's
over 18,124,Drama,7.6,72.0,206294,23089926.0,high,low,low,low,low,2000's
all public,162,Action/Adventure,7.6,56.0,500799,107509799.0,average,low,low,low,low,2000's
over 18,122,Action/Adventure,7.6,62.0,294140,24149632.0,average,average,average,average,low,2000's
family,103,Thriller/Crime/Mystery,7.6,46.0,379020,56000369.0,low,average,low,low,low,2000's
over 18,124,Drama,7.6,67.0,83158,3081925.0,low,low,average,average,average,2000's
over 18,105,Drama,7.6,73.0,65939,697181.0,low,low,average,low,low,2000's
over 18,93,Comedy,7.6,45.0,67360,548707.0,low,low,low,low,low,2000's
all public,133,Drama,7.6,76.0,70925,6167817.0,average,average,low,average,low,2000's
over 18,89,Comedy,7.6,81.0,67370,5739376.0,average,low,low,low,low,2000's
family,124,Thriller/Crime/Mystery,7.6,70.0,224545,16290476.0,high,average,average,low,low,2000's
over 18,129,Thriller/Crime/Mystery,7.6,56.0,62659,45289.0,average,average,low,low,low,2000's
all public,106,Drama,7.6,67.0,198677,51680613.0,low,high,high,low,average,2000's
over 18,135,Drama,7.6,68.0,169708,13060843.0,high,average,low,low,low,2000's
all public,113,Drama,7.6,30.0,451479,57938693.0,low,low,low,low,low,2000's
all public,113,Drama,7.6,73.0,376853,45064915.0,average,low,low,low,low,2000's
all public,110,Comedy,7.6,76.0,266842,52364010.0,high,high,average,low,low,2000's
all public,106,Drama,7.6,88.0,115827,13622333.0,high,low,average,low,low,2000's
all public,152,Action/Adventure,7.6,64.0,658185,317575550.0,average,high,low,low,low,2000's
family,101,Thriller/Crime/Mystery,7.6,74.0,337651,96522687.0,average,average,low,low,low,2000's
over 18,124,Drama,7.6,52.0,240714,52990775.0,low,high,low,low,low,2000's
all public,131,Drama,7.6,53.0,243729,51401758.0,average,low,high,low,low,2000's
all public,145,Action/Adventure,7.6,80.0,508417,132072926.0,high,high,low,low,low,2000's
over 18,146,Drama,7.6,74.0,91557,50668906.0,average,high,low,low,average,1990's
all public,101,Comedy,7.6,64.0,490062,15070285.0,low,high,low,low,low,2000's
family,81,Thriller/Crime/Mystery,7.6,77.0,188317,7267585.0,low,average,low,low,low,1990's
all public,170,Drama,7.6,78.0,172710,36400491.0,low,average,average,low,low,1990's
all public,88,Other,7.6,71.0,256906,120620254.0,low,low,low,average,low,1990's
over 18,118,Action/Adventure,7.6,41.0,259753,10680275.0,high,high,average,low,low,1990's
all public,100,Thriller/Crime/Mystery,7.6,66.0,187927,14378331.0,low,low,low,high,low,1990's
family,147,Thriller/Crime/Mystery,7.6,49.0,186734,49100000.0,average,high,low,average,low,1990's
all public,134,Thriller/Crime/Mystery,7.6,52.0,131101,3796699.0,high,low,average,low,low,1990's
all public,136,Drama,7.6,84.0,102598,43182776.0,high,low,high,low,low,1990's
all public,128,Action/Adventure,7.6,58.0,364420,100012499.0,average,high,low,high,low,1990's
over 18,121,Action/Adventure,7.6,62.0,90442,1037847.0,average,high,low,low,low,1990's
all public,135,Drama,7.6,69.0,73172,71516617.0,high,high,high,low,low,1990's
all public,92,Comedy,7.6,88.0,64390,1464625.0,high,low,high,low,low,1990's
over 18,113,Action/Adventure,7.6,56.0,171640,40903593.0,low,average,low,low,low,1990's
all public,102,Comedy,7.6,78.0,165465,7993039.0,high,low,low,average,low,1990's
family,120,Comedy,7.6,68.0,107325,52929168.0,low,low,average,low,low,1990's
all public,118,Other,7.6,90.0,27071,453243.0,average,low,low,low,low,1990's
over 18,99,Comedy,7.6,66.0,80487,1794187.0,low,low,low,low,low,1990's
all public,103,Comedy,7.6,63.0,488817,285761243.0,average,low,low,low,low,1990's
all public,162,Thriller/Crime/Mystery,7.6,60.0,359809,66666062.0,high,high,average,low,low,1990's
family,95,Comedy,7.6,76.0,195663,92823600.0,high,low,low,high,average,1980's
all public,83,Other,7.6,88.0,237696,111543479.0,average,average,low,low,low,1980's
all public,85,Comedy,7.6,76.0,152871,78756177.0,low,low,low,low,low,1980's
all public,93,Comedy,7.6,72.0,124773,49530280.0,average,low,low,low,low,1980's
all public,109,Action/Adventure,7.6,68.0,236894,65207127.0,average,average,low,low,low,1980's
all public,99,Thriller/Crime/Mystery,7.6,82.0,87745,2150000.0,high,high,low,average,low,1980's
family,109,Drama,7.6,68.0,27650,119285432.0,low,low,low,low,low,1980's
all public,96,Action/Adventure,7.6,77.0,166588,12465371.0,average,average,low,low,low,1980's
family,92,Action/Adventure,7.6,65.0,93878,22490039.0,low,low,low,low,low,1970's
all public,95,Action/Adventure,7.6,74.0,32802,76657000.0,low,low,low,low,low,1970's
all public,112,Action/Adventure,7.6,76.0,121731,43000000.0,average,high,low,low,low,1970's
all public,121,Drama,7.6,59.0,73662,35000000.0,average,low,low,low,low,1970's
all public,138,Drama,7.6,90.0,184966,132088635.0,high,low,low,low,low,1970's
all public,112,Comedy,7.6,87.0,26337,959000.0,average,low,low,average,low,1970's
family,157,Drama,7.6,77.0,30144,696690.0,high,low,low,low,low,1970's
all public,144,Action/Adventure,7.6,50.0,45338,1378435.0,low,high,low,average,low,1970's
all public,78,Other,7.6,65.0,166409,141843612.0,low,low,low,low,low,1960's
all public,87,Comedy,7.6,96.0,40351,13780024.0,low,low,low,low,low,1960's
family,118,Drama,7.6,85.0,43374,30500000.0,high,low,low,low,low,1950's
